{"cameraMode":{"drawMode":0,"name":"Shaded","section":"Shading Mode"},"sceneLighting":true,"audioPlay":false,"sceneViewState":{"m_AlwaysRefresh":false,"showFog":true,"showSkybox":true,"showFlares":true,"showImageEffects":true,"showParticleSystems":true,"showVisualEffectGraphs":true,"m_FxEnabled":true},"in2DMode":false,"pivot":{"x":-0.7145447731018066,"y":0.5433566570281982,"z":-25.194482803344728},"rotation":{"x":-0.0001379909663228318,"y":-0.9998506903648377,"z":-0.008998526260256768,"w":0.015295438468456269},"size":12.063183784484864,"orthographic":false}